{"cameraMode":{"drawMode":0,"name":"Shaded","section":"Shading Mode"},"sceneLighting":false,"audioPlay":false,"sceneViewState":{"m_AlwaysRefresh":false,"showFog":true,"showSkybox":false,"showFlares":true,"showImageEffects":true,"showParticleSystems":true,"showVisualEffectGraphs":true,"m_FxEnabled":true},"in2DMode":false,"pivot":{"x":-0.000633925199508667,"y":0.177103653550148,"z":0.001952826976776123},"rotation":{"x":-0.09215036779642105,"y":0.6900516152381897,"z":-0.08970323204994202,"w":-0.7118147611618042},"size":0.2642386853694916,"orthographic":false}